theta1,theta2
102.67272824274842,0.13900437857364042
124.11829137041155,0.11400985893218103
134.06833271873953,0.10356106125354911
