theta1,theta2
98.44476865305752,0.14163792184372848
119.01800541685195,0.11936721032547705
129.97072761006413,0.1079411200167366
