theta1,theta2
109.22650520454303,0.16666359582684162
122.34438887350456,0.15098941441115474
210631324984.14566,7.388419473928844
