theta1,theta2
122.83020496106317,0.16856204043592452
136.38774871672993,0.14995842849426644
157.68628695158577,0.15860383176938295
