,9 ft,10 ft,11 ft,12 ft,13 ft,14 ft,15 ft,16 ft,17 ft,18 ft,19 ft,20 ft,21 ft,22 ft,23 ft,24 ft,25 ft,26 ft,27 ft,28 ft,29 ft,30 ft,31 ft,32 ft,33 ft,34 ft,35 ft,36 ft,37 ft,38 ft,39 ft,40 ft,41 ft,42 ft,43 ft,44 ft,45 ft,46 ft,47 ft,48 ft,49 ft,50 ft,51 ft,52 ft,53 ft,54 ft,55 ft,56 ft,57 ft,58 ft,59 ft,60 ft
0,1.0,1.0,1.0,1.0,1.0,1.0,1.0,0.02179609304725655,0.04275174859436944,0.06294688868541193,0.08244985236152846,0.1013195904533231,0.1196073564323088,0.13735802734200958,0.15461114875527004,0.1714017708242228,0.18776112409333376,0.2037171709256678,0.21929505930966414,0.23451749928136684,0.24940507743396384,0.2639765214692842,0.2782489241182385,0.2922379337727887,0.30595791765832314,0.31942210220987083,0.332642694410411,0.3456309871407769,0.3583974510314403,0.37095181486208123,0.38330313619929557,0.3954598636765607,0.40742989208869257,0.41922061128415145,0.43083894968388237,0.4422914131280035,0.45358411964634954,0.46472283066133147,0.4757129790585125,0.4865596944990721,0.49726782629678123,0.5078419641385975,0.5182864568910704,0.5286054297033411,0.5388027995907297,0.5488822896599266,0.5588474421171009,0.5687016301832208,0.5784480690262369,0.5880898258070021,0.5976298289248025,0.6070708765387212
